"Dataset","Best_Model","RMSE","MAE","R2"
"ARI_Symptoms","Linear Regression",0.385617893683935,0.190558345926944,0.800628196959363
"Anthropometry","Decision Tree",0.861208278034803,0.74265946464323,-0.0469949585652341
"Literacy","Decision Tree",0.493839764209376,0.490302989384789,-0.113853263598968
"MaternalMortality","Decision Tree",0.73191542264916,0.643233665841199,-0.00296698583940924
